task_id,issue
18,Missing weave_types field
19,Missing weave_types field
36,Missing weave_types field
45,Missing weave_types field
58,Missing weave_types field
59,Missing weave_types field
75,Missing weave_types field
76,Missing weave_types field
80,Missing weave_types field
82,Missing weave_types field
113,Missing weave_types field
130,Missing weave_types field
140,Missing weave_types field
154,Missing weave_types field
158,Missing weave_types field
164,Missing weave_types field
182,Missing weave_types field
